<?xml version="1.0" encoding="UTF-8"?>
<project-private xmlns="http://www.netbeans.org/ns/project-private/1">
    <editor-bookmarks xmlns="http://www.netbeans.org/ns/editor-bookmarks/2" lastBookmarkId="0"/>
    <open-files xmlns="http://www.netbeans.org/ns/projectui-open-files/2">
        <group>
            <file>file:/C:/Users/prathamvasa/Desktop/PrathamVasa/src/PrathamVasaClock/PrathamClockDisplayBeanInfo.java</file>
            <file>file:/C:/Users/prathamvasa/Desktop/PrathamVasa/src/PrathamVasaClock/PrathamClockDisplay.java</file>
            <file>file:/C:/Users/prathamvasa/Desktop/PrathamVasa/nbproject/build-impl.xml</file>
            <file>file:/C:/Users/prathamvasa/Desktop/PrathamVasa/src/PrathamVasaClock/PrathamFrame.java</file>
        </group>
    </open-files>
</project-private>
